ID,Title,Site,URL,Has URL
121,"Protein Chocolate Cheesecake","EpicMintLeaves","",NO
122,"Protein Matcha Cheesecake","EpicMintLeaves","",NO
123,"No-Bake Protein Bars","EpicMintLeaves","",NO
124,"Protein Lemon Mousse","EpicMintLeaves","",NO
125,"3-Ingredient Chocolate Mousse","EpicMintLeaves","",NO
126,"No-Bake Chocolate Cookies","EpicMintLeaves","",NO
127,"Quick Chocolate Pralines","EpicMintLeaves","",NO
128,"Chickpea Spread (Tastes Like Nutella)","EpicMintLeaves","",NO
129,"Plant-Based Vegan Bacon","EpicMintLeaves","",NO
130,"High-Protein Vegan Smoothie","EpicMintLeaves","",NO
136,"Sweet Potato Black Bean Enchiladas","Minimalist Baker","",NO
137,"Mushroom Lentil Walnut Meat","Minimalist Baker","",NO
138,"Crispy Baked Tofu","Minimalist Baker","",NO
139,"Garlicky Kale White Bean Pasta","Minimalist Baker","",NO
140,"Thai Green Curry with Tofu","Minimalist Baker","",NO
141,"Sheet Pan Fajitas","Minimalist Baker","",NO
142,"BBQ Jackfruit Sandwiches","Minimalist Baker","",NO
143,"Vegan Stuffed Bell Peppers","Minimalist Baker","",NO
144,"Coconut Red Lentil Curry","Minimalist Baker","",NO
145,"Creamy Sun-Dried Tomato Pasta","Minimalist Baker","",NO
146,"Vegan Mushroom Risotto","Minimalist Baker","",NO
147,"Lentil Walnut Taco Meat","Minimalist Baker","",NO
149,"Cauliflower Tikka Masala","Minimalist Baker","",NO
150,"General Tso's Cauliflower","Minimalist Baker","",NO
151,"Mango Chickpea Curry","Minimalist Baker","",NO
152,"1-Pot Mushroom Soup","Minimalist Baker","",NO
153,"Vegan Pho","Minimalist Baker","",NO
154,"Vegan Bibimbap Bowl","Minimalist Baker","",NO
155,"Smoky Tempeh Bowl","Minimalist Baker","",NO
156,"Sweet Potato Chickpea Curry","Minimalist Baker","",NO
157,"Lemon Herb Pasta","Minimalist Baker","",NO
158,"Smoky Black Bean Soup","Minimalist Baker","",NO
159,"Roasted Red Pepper Pasta","Minimalist Baker","",NO
160,"Sesame Ginger Noodle Bowl","Minimalist Baker","",NO
162,"Black Bean Soup","Rainbow Plant Life","",NO
163,"Vegan Butter Chicken","Rainbow Plant Life","",NO
164,"Pineapple Fried Rice","Rainbow Plant Life","",NO
165,"Mediterranean Chickpea Bowl","Rainbow Plant Life","",NO
166,"Lemon Pasta with White Wine","Rainbow Plant Life","",NO
167,"Red Lentil Dahl","Rainbow Plant Life","",NO
168,"1-Pot Pasta Primavera","Rainbow Plant Life","",NO
169,"Tofu Tikka Masala","Rainbow Plant Life","",NO
170,"Miso Glazed Eggplant","Rainbow Plant Life","",NO
171,"Spanish Chickpea Stew","Rainbow Plant Life","",NO
172,"Korean BBQ Cauliflower Tacos","Rainbow Plant Life","",NO
173,"Vegan Carbonara","Rainbow Plant Life","",NO
174,"Chickpea Shawarma Bowl","Rainbow Plant Life","",NO
175,"Thai Basil Tofu","Rainbow Plant Life","",NO
176,"Vegan Gnocchi with Tomato Sauce","Rainbow Plant Life","",NO
177,"White Bean Tuscan Stew","Rainbow Plant Life","",NO
178,"Vegan Mushroom Bourguignon","Rainbow Plant Life","",NO
179,"Ultimate Lentil Mushroom Walnut Loaf","Oh She Glows","",NO
180,"Cauliflower Bolognese","Oh She Glows","",NO
181,"Easy Marinated Tofu","Oh She Glows","",NO
182,"Roasted Garlic Cream Sauce Pasta","Oh She Glows","",NO
183,"Smoky Butternut Squash Soup","Oh She Glows","",NO
184,"Creamy Thai Carrot Sweet Potato Soup","Oh She Glows","",NO
185,"Golden Chickpea Coconut Curry","Oh She Glows","",NO
186,"Hearty Vegan Wild Rice Soup","Oh She Glows","",NO
187,"Festive Stuffed Acorn Squash","Oh She Glows","",NO
188,"Detox Rainbow Bowl","Oh She Glows","",NO
189,"The Best Vegan Chili","Oh She Glows","",NO
190,"Green Monster Pasta","Oh She Glows","",NO
191,"Roasted Tomato Lentil Soup","Oh She Glows","",NO
192,"Vegan Shephard's Pie","Oh She Glows","",NO
193,"Nourishing Chickpea Noodle Soup","Oh She Glows","",NO
195,"Black-Eyed Pea Stew","Sweet Potato Soul","",NO
196,"Vegan Jambalaya","Sweet Potato Soul","",NO
197,"Red Beans and Rice","Sweet Potato Soul","",NO
198,"Smoky Lentil Chili","Sweet Potato Soul","",NO
199,"Sweet Potato Coconut Curry","Sweet Potato Soul","",NO
200,"Vegan Gumbo","Sweet Potato Soul","",NO
201,"BBQ Jackfruit Sliders","Sweet Potato Soul","",NO
202,"Buffalo Cauliflower Tacos","Sweet Potato Soul","",NO
203,"Vegan Soul Bowl","Sweet Potato Soul","",NO
205,"Hoppin John","Sweet Potato Soul","",NO
206,"Creole Stuffed Peppers","Sweet Potato Soul","",NO
207,"Tempeh and Collard Greens","Sweet Potato Soul","",NO
208,"Vegan Peach Cobbler Oatmeal","Sweet Potato Soul","",NO
209,"Vegan Bolognese","Cooking For Peanuts","",NO
210,"Crispy Chickpea Tacos","Cooking For Peanuts","",NO
211,"Thai Basil Stir-Fry","Cooking For Peanuts","",NO
212,"Peanut Noodle Bowl","Cooking For Peanuts","",NO
213,"Sweet and Sour Tofu","Cooking For Peanuts","",NO
214,"Sesame Noodles","Cooking For Peanuts","",NO
215,"Mushroom Stir-Fry","Cooking For Peanuts","",NO
216,"Vegan Chili","Cooking For Peanuts","",NO
217,"Teriyaki Tofu Bowl","Cooking For Peanuts","",NO
219,"Vegan Fried Rice","Cooking For Peanuts","",NO
220,"Cauliflower Tacos","Cooking For Peanuts","",NO
221,"Lemon Chickpea Pasta","Cooking For Peanuts","",NO
222,"Black Bean Quesadillas","Cooking For Peanuts","",NO
223,"Chickpea and Spinach Curry","NutriPlanet","",NO
225,"Sweet Potato Lentil Stew","NutriPlanet","",NO
226,"Oil-Free Mushroom Stroganoff","NutriPlanet","",NO
227,"Tempeh Stir-Fry","NutriPlanet","",NO
228,"Black Bean Buddha Bowl","NutriPlanet","",NO
229,"Roasted Vegetable Quinoa Bowl","NutriPlanet","",NO
230,"Green Pea Soup","NutriPlanet","",NO
231,"Zucchini Noodles with Cashew Pesto","NutriPlanet","",NO
232,"Tofu and Vegetable Curry","NutriPlanet","",NO
233,"Oil-Free Stuffed Eggplant","NutriPlanet","",NO
234,"Red Cabbage and Chickpea Bowl","NutriPlanet","",NO
235,"Vegan Kale Lentil Soup","NutriPlanet","",NO
236,"Vegan Shepherd's Pie","The Full Helping","",NO
237,"White Bean and Kale Soup","The Full Helping","",NO
238,"Creamy Mushroom Pasta","The Full Helping","",NO
239,"Vegan Lentil Tacos","The Full Helping","",NO
240,"Miso Glazed Tempeh Bowl","The Full Helping","",NO
241,"Vegan Minestrone","The Full Helping","",NO
242,"Red Lentil Pumpkin Soup","The Full Helping","",NO
243,"Sweet Potato Black Bean Burrito Bowl","The Full Helping","",NO
244,"Warm Farro Bowl with Roasted Vegetables","The Full Helping","",NO
245,"Green Curry with Chickpeas","The Full Helping","",NO
246,"Smoked Paprika Lentil Stew","The Full Helping","",NO
247,"Cauliflower Chickpea Masala","The Full Helping","",NO
248,"Roasted Beet and Lentil Salad","The Full Helping","",NO
249,"Crispy Lentil Tabbouleh","Green Kitchen Stories","",NO
250,"Green Falafel with Tahini Sauce","Green Kitchen Stories","",NO
251,"Roasted Squash Coconut Soup","Green Kitchen Stories","",NO
252,"Pea and Mint Fritters","Green Kitchen Stories","",NO
253,"Rainbow Stir-Fry with Ginger","Green Kitchen Stories","",NO
254,"Spiced Sweet Potato Bowl","Green Kitchen Stories","",NO
255,"Beetroot Soup with Coconut","Green Kitchen Stories","",NO
256,"Freekeh Salad with Herbs","Green Kitchen Stories","",NO
257,"Zucchini Pasta with Mint Pesto","Green Kitchen Stories","",NO
258,"Roasted Carrot and Lentil Salad","Green Kitchen Stories","",NO
259,"Spiced Chickpea Stew","Green Kitchen Stories","",NO
260,"Avocado Lime Tacos","Green Kitchen Stories","",NO
261,"Mushroom and Walnut Ragu","Green Kitchen Stories","",NO
262,"Vegan Philly Cheesesteak","SauceStache","",NO
263,"Mushroom Smash Burger","SauceStache","",NO
266,"Smashed Potato Tacos","SauceStache","",NO
267,"Jackfruit Vegan Ribs","SauceStache","",NO
268,"Hearts of Palm Crab Cakes","SauceStache","",NO
271,"Lion's Mane Mushroom Scallops","SauceStache","",NO
272,"Plant-Based Fish Tacos","SauceStache","",NO
275,"Vegan Beef Bourguignon","Avant-Garde Vegan","",NO
277,"Wild Mushroom Risotto","Avant-Garde Vegan","",NO
279,"Jackfruit Rendang","Avant-Garde Vegan","",NO
280,"Truffle Mushroom Pasta","Avant-Garde Vegan","",NO
281,"Cauliflower Steak with Chimichurri","Avant-Garde Vegan","",NO
282,"Vegan Moussaka","Avant-Garde Vegan","",NO
283,"Stuffed Portobello Mushrooms","Avant-Garde Vegan","",NO
284,"Vegan Lobster Bisque","Avant-Garde Vegan","",NO
285,"Beetroot Wellington","Avant-Garde Vegan","",NO
286,"Thai Green Curry","Avant-Garde Vegan","",NO
287,"High-Protein Tofu Stir-Fry","FitGreenMind","",NO
288,"Lentil Power Bowl","FitGreenMind","",NO
289,"Vegan Protein Pasta","FitGreenMind","",NO
290,"Black Bean Power Bowl","FitGreenMind","",NO
291,"Crispy Chickpea Buddha Bowl","FitGreenMind","",NO
292,"Sweet Potato Buddha Bowl","FitGreenMind","",NO
293,"Vegan Thai Curry","FitGreenMind","",NO
294,"Mushroom and Spinach Pasta","FitGreenMind","",NO
295,"Spiced Cauliflower Bowl","FitGreenMind","",NO
296,"Quinoa Power Bowl","FitGreenMind","",NO
297,"Green Curry Noodles","FitGreenMind","",NO
298,"Veggie and Tofu Stir-Fry","FitGreenMind","",NO
302,"Cashew Queso Dip","Minimalist Baker","",NO
303,"Lemon Tahini Sauce","Minimalist Baker","",NO
304,"5-Minute Guacamole","Minimalist Baker","",NO
305,"Easy Marinara Sauce","Minimalist Baker","",NO
306,"Vegan Ranch Dressing","Minimalist Baker","",NO
307,"Peanut Sauce","Minimalist Baker","",NO
308,"Vegan Tzatziki","Minimalist Baker","",NO
309,"Chipotle Mayo","Minimalist Baker","",NO
310,"Romesco Sauce","Rainbow Plant Life","",NO
311,"Cashew Cream Sauce","Rainbow Plant Life","",NO
312,"Green Herb Chimichurri","Rainbow Plant Life","",NO
313,"Mango Habanero Salsa","Rainbow Plant Life","",NO
314,"Vegan Caesar Dressing","Rainbow Plant Life","",NO
315,"Dreamy Tahini Sauce","Oh She Glows","",NO
316,"Vegan Sundried Tomato Dip","Oh She Glows","",NO
317,"Smoky Red Pepper Hummus","Oh She Glows","",NO
318,"Creamy Balsamic Dressing","Oh She Glows","",NO
319,"Zesty Lime Crema","Oh She Glows","",NO
320,"Vegan Gravy","Sweet Potato Soul","",NO
321,"Peach Jalapeño Salsa","Sweet Potato Soul","",NO
322,"Smoky Comeback Sauce","Sweet Potato Soul","",NO
323,"Black Bean Dip","Sweet Potato Soul","",NO
324,"Creamy Avocado Dressing","The Full Helping","",NO
325,"Miso Ginger Dressing","The Full Helping","",NO
326,"White Bean Dip","The Full Helping","",NO
327,"Roasted Red Pepper Sauce","The Full Helping","",NO
328,"Walnut Basil Pesto","Green Kitchen Stories","",NO
329,"Roasted Carrot Dip","Green Kitchen Stories","",NO
330,"Beet and Walnut Dip","Green Kitchen Stories","",NO
331,"Pea and Mint Dip","Green Kitchen Stories","",NO
332,"Almond Butter Dipping Sauce","Green Kitchen Stories","",NO
333,"Oil-Free Hummus","NutriPlanet","",NO
334,"Avocado Tahini Sauce","NutriPlanet","",NO
335,"Cashew Sour Cream","NutriPlanet","",NO
336,"Thai Peanut Dipping Sauce","Cooking For Peanuts","",NO
337,"Mango Salsa","Cooking For Peanuts","",NO
338,"Spicy Sriracha Mayo","Cooking For Peanuts","",NO
339,"Vegan Nacho Cheese Sauce","SauceStache","",NO
340,"Smoky BBQ Sauce","SauceStache","",NO
341,"Vegan Aioli","SauceStache","",NO
342,"Teriyaki Sauce","SauceStache","",NO
343,"Truffle Cashew Cream","Avant-Garde Vegan","",NO
344,"Red Wine Jus","Avant-Garde Vegan","",NO
345,"Béarnaise-Style Sauce","Avant-Garde Vegan","",NO
346,"High-Protein Hummus","FitGreenMind","",NO
347,"Green Goddess Dip","FitGreenMind","",NO
348,"Turmeric Tahini Dressing","FitGreenMind","",NO
350,"Avocado Crema","Minimalist Baker","",NO
351,"Cashew Alfredo Sauce","Minimalist Baker","",NO
352,"Stretchy Cashew Mozzarella","Minimalist Baker","",NO
353,"Vegan Parmesan","Minimalist Baker","",NO
354,"Vegan Boursin-Style Cheese","Minimalist Baker","",NO
355,"Smoked Cashew Gouda","SauceStache","",NO
356,"Vegan Cream Cheese","SauceStache","",NO
357,"Macadamia Nut Brie","Avant-Garde Vegan","",NO
358,"Aged Cashew Cheddar","Avant-Garde Vegan","",NO
359,"Vegan Ricotta","Oh She Glows","",NO
360,"Cashew Cream Cheese","Rainbow Plant Life","",NO
361,"Vegan Feta","Green Kitchen Stories","",NO
362,"Tofu Ricotta","The Full Helping","",NO
363,"Oil-Free Almond Cheese","NutriPlanet","",NO
364,"Vegan Blue Cheese Dip","SauceStache","",NO
365,"Vegan Cheese Board Spread","Avant-Garde Vegan","",NO
366,"Cashew Nacho Cheese","Cooking For Peanuts","",NO
368,"Sunflower Seed Cheese","FitGreenMind","",NO
370,"Coconut Bacon","Minimalist Baker","",NO
371,"Tempeh Bacon","Minimalist Baker","",NO
372,"Mushroom Bacon","Rainbow Plant Life","",NO
373,"Carrot Bacon","Oh She Glows","",NO
374,"Eggplant Bacon","SauceStache","",NO
375,"Tofu Bacon","Cooking For Peanuts","",NO
376,"Smoked Tempeh Strips","NutriPlanet","",NO
379,"Zucchini Bacon","Green Kitchen Stories","",NO
381,"Vegan Gluten-Free Muffins","Minimalist Baker","",NO
382,"Gluten-Free Pizza Dough","Minimalist Baker","",NO
383,"Pumpkin Chocolate Chip Muffins","Minimalist Baker","",NO
384,"Vegan Zucchini Bread","Oh She Glows","",NO
386,"Socca Chickpea Flatbread","NutriPlanet","",NO
387,"Almond Flour Sandwich Bread","NutriPlanet","",NO
388,"Vegan Focaccia","Avant-Garde Vegan","",NO
389,"Vegan Brioche","Avant-Garde Vegan","",NO
391,"Vegan Cornbread","Sweet Potato Soul","",NO
393,"Banana Oat Muffins","FitGreenMind","",NO
395,"Thai Crunch Salad with Peanut Dressing","Minimalist Baker","",NO
396,"Southwest Quinoa Salad","Minimalist Baker","",NO
397,"Greek Salad","Rainbow Plant Life","",NO
400,"Arugula Strawberry Walnut Salad","Oh She Glows","",NO
401,"Summer Corn and Tomato Salad","Sweet Potato Soul","",NO
402,"Moroccan Carrot Salad","The Full Helping","",NO
403,"Nicoise-Style Salad","Green Kitchen Stories","",NO
404,"Watermelon Mint Salad","Green Kitchen Stories","",NO
405,"Warm Potato Salad","Green Kitchen Stories","",NO
406,"Mediterranean Pasta Salad","Cooking For Peanuts","",NO
407,"Massaged Kale and Apple Salad","Oh She Glows","",NO
408,"Beet and Orange Salad","Green Kitchen Stories","",NO
409,"Chopped Chickpea Salad","Cooking For Peanuts","",NO
410,"Asian Sesame Slaw","Minimalist Baker","",NO
411,"Chocolate Protein Smoothie","FitGreenMind","",NO
412,"Vegan Protein Pancakes","FitGreenMind","",NO
413,"Coconut Chia Pudding","FitGreenMind","",NO
415,"Vegan Lentil Soup","FitGreenMind","",NO
416,"Chocolate Energy Balls","FitGreenMind","",NO
417,"Vegan Caesar Wrap","FitGreenMind","",NO
418,"Zucchini Fritters","FitGreenMind","",NO
419,"Mango Turmeric Smoothie Bowl","FitGreenMind","",NO
420,"Vegan Protein Cheesecake","FitGreenMind","",NO
421,"One-Pan Tomato Orzo","FitGreenMind","",NO
422,"Peanut Butter Cups","FitGreenMind","",NO
423,"Roasted Red Pepper Soup","FitGreenMind","",NO
424,"Oil-Free Granola","NutriPlanet","",NO
425,"Chia Seed Porridge","NutriPlanet","",NO
426,"Sugar-Free Berry Smoothie Bowl","NutriPlanet","",NO
427,"Vegan Lemon Bars","NutriPlanet","",NO
428,"Raw Chocolate Truffles","NutriPlanet","",NO
430,"Oil-Free French Onion Soup","NutriPlanet","",NO
431,"Millet Porridge","NutriPlanet","",NO
432,"Low-Glycemic Energy Bars","NutriPlanet","",NO
433,"Spiced Apple Overnight Oats","NutriPlanet","",NO
434,"Immune-Boosting Soup","NutriPlanet","",NO
435,"Chickpea Cookie Dough Bites","NutriPlanet","",NO
446,"Black Bean Brownies","Sweet Potato Soul","",NO
447,"Vegan Peach Cobbler","Sweet Potato Soul","",NO
448,"Southern Potato Salad","Sweet Potato Soul","",NO
449,"Vegan Cornbread Muffins","Sweet Potato Soul","",NO
450,"Peanut Butter Banana Ice Cream","Sweet Potato Soul","",NO
452,"Vegan Chocolate Avocado Pudding","The Full Helping","",NO
454,"Overnight Oats with Berries","The Full Helping","",NO
456,"Spicy Peanut Ramen","The Full Helping","",NO
459,"Vegan Tiramisu","Rainbow Plant Life","",NO
460,"Roasted Tomato Soup","Rainbow Plant Life","",NO
462,"Breakfast Burritos","Rainbow Plant Life","",NO
464,"No-Bake Peanut Butter Bars","Minimalist Baker","",NO
465,"Vegan Cheesecake","Minimalist Baker","",NO
466,"Vegan Overnight Oats","Oh She Glows","",NO
467,"Glo Bars","Oh She Glows","",NO
469,"Vegan Breakfast Hash","Cooking For Peanuts","",NO
470,"Chocolate Banana Smoothie","Cooking For Peanuts","",NO
473,"Vegan Banana Foster","Avant-Garde Vegan","",NO
477,"Crispy Oyster Mushroom Burger","SauceStache","",NO
478,"Cardamom Pear Porridge","Green Kitchen Stories","",NO
479,"Vegan Waffles","Green Kitchen Stories","",NO
2001,"The Best Vegan Burger","Minimalist Baker","https://minimalistbaker.com/the-best-vegan-burger-gf-soy-free/",YES
2002,"Grillable Veggie Burgers","Minimalist Baker","https://minimalistbaker.com/easy-grillable-veggie-burgers/",YES
2003,"Sweet Potato Black Bean Burger","Minimalist Baker","https://minimalistbaker.com/sweet-potato-black-bean-burger/",YES
2004,"Smoky BBQ Black Bean Burger","Minimalist Baker","https://minimalistbaker.com/smoky-bbq-black-bean-burger/",YES
2005,"Quinoa Beet Veggie Burger","Minimalist Baker","https://minimalistbaker.com/smoky-black-bean-beet-burgers/",YES
2006,"Pesto Veggie Burgers","Minimalist Baker","https://minimalistbaker.com/pesto-veggie-burgers-with-balsamic-aioli/",YES
2007,"Falafel Burgers","Minimalist Baker","https://minimalistbaker.com/baked-falafel-burgers/",YES
2008,"Black Bean Walnut Burgers","Connoisseur Us Veg","https://www.connoisseurusveg.com/black-bean-walnut-burgers/",YES
2009,"Smoky Black Bean Burgers with Guacamole","Connoisseur Us Veg","https://www.connoisseurusveg.com/smoky-black-bean-burgers-with-guacamole-and-plantain-chips/",YES
2010,"BBQ Chickpea Burgers","Connoisseur Us Veg","https://www.connoisseurusveg.com/barbecue-chickpea-burgers/",YES
2011,"Savory Mushroom Burgers","Connoisseur Us Veg","https://www.connoisseurusveg.com/savory-mushroom-burgers/",YES
2012,"Vegan Shanghai Noodle Burger","Connoisseur Us Veg","https://www.connoisseurusveg.com/vegan-shanghai-noodles/",YES
2013,"Our Perfect Veggie Burger","Oh She Glows","https://ohsheglows.com/our-perfect-veggie-burger/",YES
2014,"Lentil Walnut Burgers","Oh She Glows","https://ohsheglows.com/lentil-walnut-burgers/",YES
2015,"The Best Black Bean Veggie Burger","Nora Cooks","https://www.noracooks.com/the-best-black-bean-veggie-burger/",YES
2016,"Chickpea Burger","Nora Cooks","https://www.noracooks.com/chickpea-burger/",YES
2017,"Sweet Potato Black Bean Burgers","Connoisseur Us Veg","https://www.connoisseurusveg.com/sweet-potato-black-bean-burgers/",YES
2018,"Vegan Black Bean Burgers","Loving It Vegan","https://lovingitvegan.com/vegan-black-bean-burgers/",YES
2019,"Tofu Burger","Loving It Vegan","https://lovingitvegan.com/tofu-burger/",YES
2020,"Easiest Chickpea Burgers","Loving It Vegan","https://lovingitvegan.com/easiest-vegan-chickpea-burgers/",YES
2021,"Portobello Mushroom Burgers","Loving It Vegan","https://lovingitvegan.com/portobello-burgers/",YES
2022,"Lentil Burgers","Nora Cooks","https://www.noracooks.com/easy-sweet-potato-black-bean-burgers/",YES
2023,"Kidney Bean and Beet Burgers","Nora Cooks","https://www.noracooks.com/kidney-beet-burgers/",YES
2024,"Vegan Reuben Burgers","Connoisseur Us Veg","https://www.connoisseurusveg.com/vegan-reuben-burgers/",YES
2025,"Vegan Chickpea Burgers with Tahini Sauce","The Full Helping","https://www.thefullhelping.com/vegan-burgers-with-chickpeas-and-beets/",YES
2026,"Vegan Enchiladas","Loving It Vegan","https://lovingitvegan.com/vegan-enchiladas/",YES
2028,"Ultimate Vegan Tacos","Rainbow Plant Life","https://rainbowplantlife.com/vegan-tacos/",YES
2029,"Lentil Tacos with Avocado Crema","Rainbow Plant Life","https://rainbowplantlife.com/lentil-tacos/",YES
2030,"Walnut Taco Meat","Minimalist Baker","https://minimalistbaker.com/10-minute-raw-vegan-taco-meat/",YES
2031,"Quinoa Taco Meat","Minimalist Baker","https://minimalistbaker.com/quinoa-taco-meat/",YES
2032,"Vegan Tacos with Black Beans","Loving It Vegan","https://lovingitvegan.com/vegan-tacos/",YES
2033,"Vegan Black Bean Soup","Rainbow Plant Life","https://rainbowplantlife.com/black-bean-soup/",YES
2035,"Vegan Quesadillas","Loving It Vegan","https://lovingitvegan.com/vegan-quesadillas/",YES
2036,"Vegan Burrito Bowl","Nora Cooks","https://www.noracooks.com/vegan-burrito-bowl/",YES
2037,"Vegan Fajitas","Loving It Vegan","https://lovingitvegan.com/vegan-fajitas/",YES
2038,"Vegan Nachos","Minimalist Baker","https://minimalistbaker.com/1-pan-vegan-nachos/",YES
2039,"Vegan Tostadas","Minimalist Baker","https://minimalistbaker.com/easy-vegan-tostadas/",YES
2040,"Vegan Tamales","Connoisseur Us Veg","https://www.connoisseurusveg.com/vegan-tamales/",YES
2041,"Vegan Pozole Rojo","Connoisseur Us Veg","https://www.connoisseurusveg.com/vegan-pozole/",YES
2042,"Vegan Stuffed Peppers Mexican Style","Nora Cooks","https://www.noracooks.com/vegan-stuffed-peppers/",YES
2043,"Vegan Elote (Mexican Street Corn)","Minimalist Baker","https://minimalistbaker.com/vegan-mexican-street-corn/",YES
2044,"Vegan Chiles Rellenos","Connoisseur Us Veg","https://www.connoisseurusveg.com/vegan-chiles-rellenos/",YES
2045,"Vegan Huevos Rancheros","Minimalist Baker","https://minimalistbaker.com/vegan-huevos-rancheros/",YES
2046,"Incredible Vegan Thai Green Curry","Rainbow Plant Life","https://rainbowplantlife.com/vegan-thai-green-curry/",YES
2047,"1-Pot Vegetable Green Curry","Minimalist Baker","https://minimalistbaker.com/1-pot-vegetable-green-curry/",YES
2048,"Easy Tofu Pad Thai","Minimalist Baker","https://minimalistbaker.com/easy-tofu-pad-thai/",YES
2049,"Vegan Pad Thai","Hot For Food","https://www.hotforfoodblog.com/recipes/2015/2/2/vegan-pad-thai/",YES
2050,"Vegan Thai Peanut Noodles","Rainbow Plant Life","https://rainbowplantlife.com/peanut-noodles/",YES
2051,"Vegan Thai Red Curry","Loving It Vegan","https://lovingitvegan.com/vegan-thai-red-curry/",YES
2052,"Vegan Tom Kha Soup","Rainbow Plant Life","https://rainbowplantlife.com/vegan-tom-kha-soup/",YES
2053,"Vegan Massaman Curry","Connoisseur Us Veg","https://www.connoisseurusveg.com/vegan-massaman-curry/",YES
2054,"Thai Basil Fried Rice","Minimalist Baker","https://minimalistbaker.com/thai-basil-fried-rice/",YES
2055,"Vegan Khao Soi","Rainbow Plant Life","https://rainbowplantlife.com/khao-soi/",YES
2056,"Vegan Spring Rolls with Peanut Sauce","Minimalist Baker","https://minimalistbaker.com/fresh-spring-rolls-with-peanut-sauce/",YES
2057,"Thai Mango Sticky Rice","Minimalist Baker","https://minimalistbaker.com/vegan-sticky-mango-rice/",YES
2058,"Vegan Panang Curry","Minimalist Baker","https://minimalistbaker.com/easy-panang-curry-paste/",YES
2059,"Pad See Ew","Connoisseur Us Veg","https://www.connoisseurusveg.com/pad-see-ew/",YES
2060,"Thai Basil Tofu Stir-Fry","Rainbow Plant Life","https://rainbowplantlife.com/thai-basil-tofu/",YES
2061,"Coconut Curry Ramen","Minimalist Baker","https://minimalistbaker.com/coconut-curry-ramen/",YES
2062,"Vegan Pad Kra Pao","Connoisseur Us Veg","https://www.connoisseurusveg.com/vegan-pad-kra-pao/",YES
2063,"Thai Cucumber Salad","Minimalist Baker","https://minimalistbaker.com/thai-cucumber-salad/",YES
2064,"Tom Yum Soup","Connoisseur Us Veg","https://www.connoisseurusveg.com/tom-yum-soup/",YES
2065,"Vegan Thai Fried Rice","Rainbow Plant Life","https://rainbowplantlife.com/vegan-fried-rice/",YES
2066,"Chana Masala","Vegan Richa","https://www.veganricha.com/chana-masalachole-chickpea-curry-vegan/",YES
2068,"Vegan Butter Chicken","Vegan Richa","https://www.veganricha.com/restaurant-style-butter-chicken/",YES
2069,"Vegan Tikka Masala","Loving It Vegan","https://lovingitvegan.com/vegan-tikka-masala/",YES
2070,"Baked Chana Saag","Vegan Richa","https://www.veganricha.com/baked-chana-saag-spinach-chickpea-curry/",YES
2071,"Easy Chana Dal","Vegan Richa","https://www.veganricha.com/easy-chana-dal-recipe-split-chickpea-soup/",YES
2072,"Instant Pot Chana Saag","Vegan Richa","https://www.veganricha.com/chana-saag-chickpea-spinach-curry-instant-pot/",YES
2073,"Vegan Palak Tofu","Vegan Richa","https://www.veganricha.com/palak-tofu-spinach-tofu-curry/",YES
2074,"Vegan Dal Makhani","Vegan Richa","https://www.veganricha.com/dal-makhani-creamy-black-lentil-curry-vegan/",YES
2076,"Vegan Saag Aloo","Loving It Vegan","https://lovingitvegan.com/saag-aloo/",YES
2077,"Vegan Korma","Loving It Vegan","https://lovingitvegan.com/vegan-korma/",YES
2078,"Vegan Vindaloo","Vegan Richa","https://www.veganricha.com/vegan-potato-vindaloo/",YES
2079,"Vegan Mushroom Biryani","Vegan Richa","https://www.veganricha.com/mushroom-biryani/",YES
2080,"Vegan Samosas","Loving It Vegan","https://lovingitvegan.com/vegan-samosas/",YES
2081,"Vegan Malai Kofta","Vegan Richa","https://www.veganricha.com/malai-kofta-vegan-indian/",YES
2082,"Vegan Pav Bhaji","Vegan Richa","https://www.veganricha.com/pav-bhaji/",YES
2083,"Vegan Chole Bhature","Vegan Richa","https://www.veganricha.com/chole/",YES
2084,"Vegan Rajma (Red Kidney Bean Curry)","Vegan Richa","https://www.veganricha.com/rajma-recipe/",YES
2085,"Vegan Sabudana Khichdi","Vegan Richa","https://www.veganricha.com/sabudana-khichdi/",YES
2086,"Vegan Tandoori Tofu","Vegan Richa","https://www.veganricha.com/tandoori-tofu/",YES
2087,"Vegan Uttapam","Vegan Richa","https://www.veganricha.com/uttapam/",YES
2088,"Vegan Kheer (Rice Pudding)","Vegan Richa","https://www.veganricha.com/kheer/",YES
2089,"Vegan Gulab Jamun","Vegan Richa","https://www.veganricha.com/gulab-jamun-recipe/",YES
2090,"Vegan Mango Lassi","Vegan Richa","https://www.veganricha.com/mango-lassi/",YES
2091,"Instant Pot Lentil Soup","Rainbow Plant Life","https://rainbowplantlife.com/instant-pot-lentil-soup/",YES
2092,"Instant Pot White Bean Stew","Rainbow Plant Life","https://rainbowplantlife.com/vegan-instant-pot-white-bean-stew/",YES
2093,"Instant Pot Vegan Black Bean Soup","Vegan Richa","https://www.veganricha.com/vegan-black-bean-soup-instant-pot-recipe/",YES
2094,"Instant Pot Chickpea Coconut Curry","Vegan Richa","https://www.veganricha.com/chickpea-coconut-curry-instant-pot-recipe/",YES
2095,"Instant Pot Tikka Masala","Vegan Richa","https://www.veganricha.com/instant-pot-tikka-masala-sauce-vegan-recipe/",YES
2096,"Instant Pot Vegan Chili","Vegan Richa","https://www.veganricha.com/instant-pot-vegan-chili-red-lentil-chili/",YES
2097,"Instant Pot Teriyaki Fried Rice","Vegan Richa","https://www.veganricha.com/instant-pot-teriyaki-fried-rice/",YES
2098,"Instant Pot Kitchari","Vegan Richa","https://www.veganricha.com/instant-pot-kitchari/",YES
2099,"Instant Pot Vegan Butter Chicken","Vegan Richa","https://www.veganricha.com/instant-pot-vegan-butter-chicken/",YES
2100,"Instant Pot Japanese Curry","Vegan Richa","https://www.veganricha.com/vegan-japanese-curry-in-instant-pot/",YES
2101,"Instant Pot Vegetable Soup","Loving It Vegan","https://lovingitvegan.com/instant-pot-vegetable-soup/",YES
2102,"Instant Pot Split Pea Soup","Nora Cooks","https://www.noracooks.com/instant-pot-split-pea-soup/",YES
2103,"Instant Pot Quinoa","Minimalist Baker","https://minimalistbaker.com/instant-pot-quinoa/",YES
2104,"Instant Pot Pumpkin Soup","Nora Cooks","https://www.noracooks.com/instant-pot-pumpkin-soup/",YES
2105,"Instant Pot Stuffed Peppers","Nora Cooks","https://www.noracooks.com/instant-pot-stuffed-peppers/",YES
2106,"Instant Pot Tomato Soup","Loving It Vegan","https://lovingitvegan.com/instant-pot-tomato-soup/",YES
2107,"Instant Pot Black-Eyed Peas","Vegan Richa","https://www.veganricha.com/instant-pot-black-eyed-peas/",YES
2108,"Instant Pot Red Lentil Dal","Rainbow Plant Life","https://rainbowplantlife.com/instant-pot-lentil-soup/",YES
2109,"Instant Pot Mashed Potatoes","Nora Cooks","https://www.noracooks.com/instant-pot-mashed-potatoes/",YES
2110,"Instant Pot Pasta e Fagioli","Connoisseur Us Veg","https://www.connoisseurusveg.com/pasta-e-fagioli/",YES
2111,"Instant Pot Oatmeal","Minimalist Baker","https://minimalistbaker.com/instant-pot-oatmeal/",YES
2112,"Instant Pot White Beans","Minimalist Baker","https://minimalistbaker.com/instant-pot-white-beans-great-northern-fast-no-soaking/",YES
2113,"Instant Pot Cauliflower Soup","Nora Cooks","https://www.noracooks.com/instant-pot-cauliflower-soup/",YES
2114,"Instant Pot Vegan Pho","The Viet Vegan","https://thevietvegan.com/instant-pot-vegan-pho/",YES
2115,"Instant Pot Moroccan Chickpea Stew","Rainbow Plant Life","https://rainbowplantlife.com/moroccan-chickpea-stew/",YES
2116,"Easy Vegan Ramen","Minimalist Baker","https://minimalistbaker.com/easy-vegan-ramen/",YES
2117,"15-Minute Miso Soup with Greens and Tofu","Minimalist Baker","https://minimalistbaker.com/15-minute-miso-soup-with-greens-and-tofu/",YES
2118,"Coconut Curry Vegan Ramen","Minimalist Baker","https://minimalistbaker.com/coconut-curry-ramen/",YES
2119,"Miso Ramen","Pickled Plum","https://pickledplum.com/miso-ramen-recipe/",YES
2120,"Vegan Ramen with Tahini Broth","Pickled Plum","https://pickledplum.com/vegan-ramen/",YES
2121,"Miso Soup with Tofu and Wakame","Pickled Plum","https://pickledplum.com/miso-soup-tofu-wakame/",YES
2122,"Spicy Tsukemen Dipping Noodles","Pickled Plum","https://pickledplum.com/spicy-miso-tsukemen-dipping-noodles/",YES
2123,"Vegan Onigiri","Pickled Plum","https://pickledplum.com/vegan-onigiri/",YES
2124,"Vegan Gyoza (Dumplings)","Minimalist Baker","https://minimalistbaker.com/vegan-gyoza-japanese-pot-stickers/",YES
2125,"Vegan Sushi Bowl","Minimalist Baker","https://minimalistbaker.com/easy-vegan-sushi-bowl/",YES
2126,"Vegan Teriyaki Bowl","Minimalist Baker","https://minimalistbaker.com/easy-1-pan-teriyaki-tofu/",YES
2127,"Japanese Miso Glazed Eggplant","Rainbow Plant Life","https://rainbowplantlife.com/miso-glazed-eggplant/",YES
2128,"Vegan Oyakodon","Pickled Plum","https://pickledplum.com/vegan-oyakodon/",YES
2129,"Vegan Katsu Curry","Minimalist Baker","https://minimalistbaker.com/vegan-katsu-curry/",YES
2130,"Vegan Agedashi Tofu","Pickled Plum","https://pickledplum.com/agedashi-tofu/",YES
2131,"Tofu Stir-Fry","Rainbow Plant Life","https://rainbowplantlife.com/tofu-stir-fry/",YES
2132,"Spicy Chili Garlic Noodles","Rainbow Plant Life","https://rainbowplantlife.com/vegan-chili-garlic-noodles/",YES
2133,"Vegan Singapore Noodles","Minimalist Baker","https://minimalistbaker.com/vegan-singapore-noodles/",YES
2134,"Vegetable Chow Mein","Connoisseur Us Veg","https://www.connoisseurusveg.com/vegetable-chow-mein/",YES
2135,"Vegan Ginger Sesame Noodles with Crispy Tofu","Minimalist Baker","https://minimalistbaker.com/vegan-ginger-sesame-noodles-with-crispy-tofu/",YES
2136,"Shredded Tofu and Veggie Stir-Fry","Connoisseur Us Veg","https://www.connoisseurusveg.com/shredded-tofu-stir-fry/",YES
2137,"Vegan Mapo Tofu","Connoisseur Us Veg","https://www.connoisseurusveg.com/vegan-mapo-tofu/",YES
2138,"Chinese Eggplant with Garlic Sauce","Minimalist Baker","https://minimalistbaker.com/chinese-eggplant-with-spicy-garlic-sauce/",YES
2139,"Vegan Dumplings (Potstickers)","Rainbow Plant Life","https://rainbowplantlife.com/vegan-dumplings/",YES
2140,"Vegan Tofu Noodle Stir-Fry","Minimalist Baker","https://minimalistbaker.com/tofu-noodle-stir-fry-with-spring-vegetables/",YES
2141,"Vegan Orange Chicken","Connoisseur Us Veg","https://www.connoisseurusveg.com/vegan-orange-chicken/",YES
2142,"Vegan Dan Dan Noodles","Connoisseur Us Veg","https://www.connoisseurusveg.com/vegan-dan-dan-noodles/",YES
2143,"Vegan Kung Pao Tofu","Connoisseur Us Veg","https://www.connoisseurusveg.com/kung-pao-tofu/",YES
2144,"Vegan Fried Rice","Rainbow Plant Life","https://rainbowplantlife.com/vegan-fried-rice/",YES
2145,"Vegan Hot and Sour Soup","Connoisseur Us Veg","https://www.connoisseurusveg.com/vegan-hot-and-sour-soup/",YES
2146,"Authentic Vegan Vietnamese Pho","The Viet Vegan","https://thevietvegan.com/homemade-vegan-vietnamese-pho/",YES
2147,"Vegan Banh Mi","The Viet Vegan","https://thevietvegan.com/vegan-banh-mi/",YES
2148,"Vegan Lemongrass Beef Banh Mi","The Viet Vegan","https://thevietvegan.com/vegan-lemongrass-beef-banh-mi/",YES
2149,"Vietnamese Style Stir-Fry","The Viet Vegan","https://thevietvegan.com/vietnamese-style-stir-fry/",YES
2150,"Homemade Vegan Pho","Hot For Food","https://www.hotforfoodblog.com/recipes/2021/02/17/homemade-vegan-pho/",YES
2151,"Vegan Vietnamese Vermicelli Bowl","The Viet Vegan","https://thevietvegan.com/vietnamese-vermicelli-bowl/",YES
2152,"Vegan Steamed Buns (Banh Bao Chay)","The Viet Vegan","https://thevietvegan.com/vegan-steamed-buns-banh-bao-chay/",YES
2153,"Vietnamese Lemongrass Tofu Curry","The Viet Vegan","https://thevietvegan.com/lemongrass-tofu-curry/",YES
2154,"Vegan Vietnamese Iced Coffee","The Viet Vegan","https://thevietvegan.com/vegan-vietnamese-iced-coffee/",YES
2155,"Vietnamese Caramelized Ginger Tofu","The Viet Vegan","https://thevietvegan.com/caramelized-ginger-tofu/",YES
2156,"Vietnamese Coconut Tapioca Pudding","The Viet Vegan","https://thevietvegan.com/coconut-tapioca-pudding/",YES
2157,"Vietnamese Green Mango Salad","The Viet Vegan","https://thevietvegan.com/green-mango-salad/",YES
2158,"Roasted Vegetable Salad with Chimichurri","Minimalist Baker","https://minimalistbaker.com/roasted-vegetable-salad-with-chimichurri/",YES
2159,"The Best Quinoa Salad","Rainbow Plant Life","https://rainbowplantlife.com/quinoa-salad/",YES
2160,"Vegan Potato Salad","Minimalist Baker","https://minimalistbaker.com/simple-vegan-potato-salad/",YES
2161,"Roasted Brussels Sprouts","Minimalist Baker","https://minimalistbaker.com/perfect-roasted-brussels-sprouts/",YES
2162,"Crispy Smashed Potatoes","Rainbow Plant Life","https://rainbowplantlife.com/crispy-smashed-potatoes/",YES
2163,"Garlic Herb Roasted Carrots","Minimalist Baker","https://minimalistbaker.com/simple-roasted-carrots/",YES
2164,"Vegan Coleslaw","Nora Cooks","https://www.noracooks.com/vegan-coleslaw/",YES
2165,"Roasted Fall Vegetable Salad","Minimalist Baker","https://minimalistbaker.com/roasted-fall-vegetable-salad-with-white-beans/",YES
2166,"Vegan Creamed Corn","Nora Cooks","https://www.noracooks.com/vegan-creamed-corn/",YES
2167,"Roasted Garlic Mashed Potatoes","Nora Cooks","https://www.noracooks.com/vegan-mashed-potatoes/",YES
2168,"Vegan Corn Pudding","Nora Cooks","https://www.noracooks.com/vegan-corn-casserole/",YES
2169,"Vegan Green Bean Casserole","Nora Cooks","https://www.noracooks.com/vegan-green-bean-casserole/",YES
2170,"Roasted Sweet Potato Wedges","Minimalist Baker","https://minimalistbaker.com/sweet-potato-wedges/",YES
2171,"Vegan Caesar Salad","Minimalist Baker","https://minimalistbaker.com/minimalist-vegan-caesar-salad/",YES
2172,"Vegan Caprese Salad","Nora Cooks","https://www.noracooks.com/vegan-caprese/",YES
2173,"Vegan Stuffed Mushrooms","Minimalist Baker","https://minimalistbaker.com/vegan-stuffed-mushrooms/",YES
2175,"Roasted Cauliflower Steaks","Rainbow Plant Life","https://rainbowplantlife.com/roasted-cauliflower/",YES
2176,"Garlic Bread","Nora Cooks","https://www.noracooks.com/vegan-garlic-bread/",YES
2177,"Vegan Couscous Salad","Minimalist Baker","https://minimalistbaker.com/simple-vegan-couscous-salad/",YES
2178,"Vegan Blueberry Muffins","Minimalist Baker","https://minimalistbaker.com/1-bowl-vegan-blueberry-muffins/",YES
2179,"Vegan Banana Pancakes","Minimalist Baker","https://minimalistbaker.com/vegan-gluten-free-banana-pancakes/",YES
2180,"Avocado Toast with Hemp Seeds","Minimalist Baker","https://minimalistbaker.com/perfect-avocado-toast/",YES
2182,"Tofu Scramble","Minimalist Baker","https://minimalistbaker.com/the-best-vegan-tofu-scramble/",YES
2183,"Vegan French Toast","Nora Cooks","https://www.noracooks.com/vegan-french-toast/",YES
2184,"Vegan Breakfast Burrito","Rainbow Plant Life","https://rainbowplantlife.com/vegan-breakfast-burritos/",YES
2185,"Chia Seed Pudding","Minimalist Baker","https://minimalistbaker.com/5-ingredient-chocolate-chia-pudding/",YES
2186,"Vegan Waffles","Nora Cooks","https://www.noracooks.com/vegan-waffles/",YES
2187,"Acai Smoothie Bowl","Minimalist Baker","https://minimalistbaker.com/simple-vegan-acai-bowl/",YES
2188,"Vegan Granola","Oh She Glows","https://ohsheglows.com/2011/09/09/the-best-vegan-granola-gluten-free/",YES
2189,"Savory Oatmeal with Mushrooms","Rainbow Plant Life","https://rainbowplantlife.com/savory-oatmeal/",YES
2190,"Vegan Cinnamon Rolls","Nora Cooks","https://www.noracooks.com/vegan-cinnamon-rolls/",YES
2191,"Vegan Shakshuka","Rainbow Plant Life","https://rainbowplantlife.com/vegan-shakshuka/",YES
2192,"Vegan Chocolate Chip Cookies","Nora Cooks","https://www.noracooks.com/vegan-chocolate-chip-cookies/",YES
2193,"Vegan Brownies","Minimalist Baker","https://minimalistbaker.com/fudgy-vegan-gf-brownies/",YES
2194,"No-Bake Energy Balls","Minimalist Baker","https://minimalistbaker.com/no-bake-pb-chocolate-chip-granola-bites/",YES
2195,"Vegan Cheesecake","Nora Cooks","https://www.noracooks.com/vegan-cheesecake/",YES
2196,"Vegan Ice Cream \u2014 Banana Base","Minimalist Baker","https://minimalistbaker.com/1-ingredient-banana-ice-cream-5-ways/",YES
2197,"Vegan Lemon Bars","Oh She Glows","https://ohsheglows.com/2021/01/25/gf-vegan-lemon-bars/",YES
2198,"Vegan Tiramisu","Loving It Vegan","https://lovingitvegan.com/vegan-tiramisu/",YES
2199,"Vegan Chocolate Mousse","Loving It Vegan","https://lovingitvegan.com/vegan-chocolate-mousse/",YES
2200,"Vegan Carrot Cake","Nora Cooks","https://www.noracooks.com/vegan-carrot-cake/",YES
2201,"Tomato Basil Soup","Oh She Glows","https://ohsheglows.com/2014/10/09/sun-dried-tomato-basil-soup/",YES
2202,"Lentil Soup","Rainbow Plant Life","https://rainbowplantlife.com/the-best-lentil-soup/",YES
2203,"Butternut Squash Soup","Oh She Glows","https://ohsheglows.com/2011/11/28/creamy-roasted-butternut-squash-soup-with-a-kick/",YES
2204,"Chickpea Noodle Soup","Connoisseur Us Veg","https://www.connoisseurusveg.com/chickpea-noodle-soup/",YES
2205,"Vegan Chili","Nora Cooks","https://www.noracooks.com/vegan-chili/",YES
2206,"Thai Coconut Soup (Tom Kha)","Rainbow Plant Life","https://rainbowplantlife.com/vegan-tom-kha-soup/",YES
2207,"French Onion Soup","Loving It Vegan","https://lovingitvegan.com/vegan-french-onion-soup/",YES
2208,"Minestrone Soup","Minimalist Baker","https://minimalistbaker.com/1-pot-vegan-minestrone/",YES
2209,"Black Bean Soup","Minimalist Baker","https://minimalistbaker.com/1-pot-black-bean-soup/",YES
2210,"Potato Leek Soup","Oh She Glows","https://ohsheglows.com/2016/12/05/potato-leek-soup/",YES
2211,"Massaman Curry Soup","Rainbow Plant Life","https://rainbowplantlife.com/thai-massaman-curry/",YES
2212,"Simple Green Salad with Tahini Dressing","Minimalist Baker","https://minimalistbaker.com/simple-green-salad-with-tahini-dressing/",YES
2213,"Kale Caesar Salad","Oh She Glows","https://ohsheglows.com/2014/12/05/kale-romaine-salad-with-creamy-vegan-caesar-dressing/",YES
2214,"Quinoa Power Salad","Oh She Glows","https://ohsheglows.com/2015/06/24/protein-power-goddess-bowl/",YES
2215,"Watermelon Feta-Style Salad","Minimalist Baker","https://minimalistbaker.com/refreshing-watermelon-cucumber-salad/",YES
2216,"Mediterranean Chickpea Salad","Rainbow Plant Life","https://rainbowplantlife.com/mediterranean-chickpea-salad/",YES
2217,"Thai Mango Salad","Rainbow Plant Life","https://rainbowplantlife.com/thai-mango-salad/",YES
2218,"Roasted Beet Salad","Minimalist Baker","https://minimalistbaker.com/winter-beet-salad/",YES
2219,"Asian Slaw","Minimalist Baker","https://minimalistbaker.com/easy-vegan-asian-slaw/",YES
2220,"Lentil Walnut Taco Salad","Oh She Glows","https://ohsheglows.com/2016/03/24/my-favourite-vegan-taco-salad/",YES
2221,"Strawberry Spinach Salad","Loving It Vegan","https://lovingitvegan.com/strawberry-spinach-salad/",YES
2222,"Vegan Pasta Primavera","Nora Cooks","https://www.noracooks.com/vegan-pasta-primavera/",YES
2223,"Vegan Bolognese","Rainbow Plant Life","https://rainbowplantlife.com/vegan-bolognese/",YES
2224,"Creamy Tuscan Pasta","Loving It Vegan","https://lovingitvegan.com/vegan-tuscan-pasta/",YES
2225,"Vegan Mac and Cheese","Minimalist Baker","https://minimalistbaker.com/the-best-vegan-mac-n-cheese-30-minutes/",YES
2226,"Vegan Carbonara","Loving It Vegan","https://lovingitvegan.com/vegan-carbonara/",YES
2227,"One-Pot Lemon Garlic Pasta","Minimalist Baker","https://minimalistbaker.com/1-pot-garlic-pasta/",YES
2228,"Mushroom Stroganoff","Nora Cooks","https://www.noracooks.com/vegan-mushroom-stroganoff/",YES
2229,"Vegan Pesto Pasta","Minimalist Baker","https://minimalistbaker.com/easy-vegan-pesto/",YES
2230,"Vegan Stuffed Shells","Nora Cooks","https://www.noracooks.com/vegan-stuffed-shells/",YES
2231,"Vegan Shawarma Bowl","Rainbow Plant Life","https://rainbowplantlife.com/vegan-shawarma/",YES
2232,"Vegan Falafel","Rainbow Plant Life","https://rainbowplantlife.com/crispy-falafel/",YES
2233,"Vegan Bibimbap","Connoisseur Us Veg","https://www.connoisseurusveg.com/vegan-bibimbap/",YES
2234,"Vegan Jerk Cauliflower","Hot For Food","https://www.hotforfoodblog.com/recipes/vegan-jerk-cauliflower/",YES
2235,"Jackfruit Pulled BBQ Sandwich","Connoisseur Us Veg","https://www.connoisseurusveg.com/bbq-jackfruit-sandwiches/",YES
2236,"Vegan Gyros","Connoisseur Us Veg","https://www.connoisseurusveg.com/vegan-gyros/",YES
2237,"Vegan Shepherd's Pie","Nora Cooks","https://www.noracooks.com/vegan-shepherds-pie/",YES
2238,"Vegan Paella","Rainbow Plant Life","https://rainbowplantlife.com/vegan-paella/",YES
2239,"Vegan Moussaka","Loving It Vegan","https://lovingitvegan.com/vegan-moussaka/",YES
2240,"Vegan Birria Tacos","Rainbow Plant Life","https://rainbowplantlife.com/vegan-birria-tacos/",YES
2241,"Vegan Pho","Connoisseur Us Veg","https://www.connoisseurusveg.com/vegan-pho/",YES
2242,"Vegan Kimchi Fried Rice","Minimalist Baker","https://minimalistbaker.com/kimchi-fried-rice/",YES
2243,"Eggplant Parmesan","Nora Cooks","https://www.noracooks.com/vegan-eggplant-parmesan/",YES
2244,"Vegan Pot Pie","Nora Cooks","https://www.noracooks.com/vegan-pot-pie/",YES
2245,"Vegan Gumbo","Rainbow Plant Life","https://rainbowplantlife.com/vegan-gumbo/",YES
2246,"Vegan Jambalaya","Connoisseur Us Veg","https://www.connoisseurusveg.com/vegan-jambalaya/",YES
2247,"Miso-Glazed Eggplant","Rainbow Plant Life","https://rainbowplantlife.com/miso-glazed-eggplant/",YES
2248,"Vegan Stuffed Peppers","Nora Cooks","https://www.noracooks.com/vegan-stuffed-peppers/",YES
2249,"Teriyaki Tempeh Bowls","Minimalist Baker","https://minimalistbaker.com/teriyaki-tempeh-bowls/",YES
2250,"Vegan Chilaquiles","Rainbow Plant Life","https://rainbowplantlife.com/vegan-chilaquiles/",YES
2251,"Vegan Gyoza","Pickled Plum","https://pickledplum.com/vegan-gyoza-recipe/",YES
2252,"Vegan B\u00e1nh M\u00ec","The Viet Vegan","https://thevietvegan.com/vegan-banh-mi/",YES
2253,"Vegan Dumplings","Pickled Plum","https://pickledplum.com/vegan-dumpling-recipe/",YES
2254,"Spicy Miso Ramen","Pickled Plum","https://pickledplum.com/spicy-miso-ramen/",YES
2255,"Mapo Tofu","Pickled Plum","https://pickledplum.com/mapo-tofu/",YES
2256,"Vegan Okonomiyaki","Pickled Plum","https://pickledplum.com/vegan-okonomiyaki/",YES
2257,"Goi Cuon (Fresh Spring Rolls)","The Viet Vegan","https://thevietvegan.com/vegan-fresh-spring-rolls/",YES
2258,"Vegan Hummus","Minimalist Baker","https://minimalistbaker.com/simple-perfect-homemade-hummus/",YES
2259,"Vegan Buffalo Wings (Cauliflower)","Hot For Food","https://www.hotforfoodblog.com/recipes/buffalo-cauliflower/",YES
2260,"Vegan Nachos","Hot For Food","https://www.hotforfoodblog.com/recipes/vegan-nachos/",YES
2261,"Vegan Quesadillas","Connoisseur Us Veg","https://www.connoisseurusveg.com/vegan-quesadillas/",YES
2262,"Vegan Spinach Artichoke Dip","Nora Cooks","https://www.noracooks.com/vegan-spinach-artichoke-dip/",YES
2263,"Vegan Sushi Rolls","Pickled Plum","https://pickledplum.com/vegan-sushi-rolls/",YES
2264,"Vegan Cheese Board","Minimalist Baker","https://minimalistbaker.com/easy-vegan-cheese-board/",YES
2265,"Vegan Cream of Mushroom Soup","Oh She Glows","https://ohsheglows.com/2016/01/19/vegan-cream-of-mushroom-soup/",YES
2266,"Vegan White Bean Soup","Minimalist Baker","https://minimalistbaker.com/white-bean-soup/",YES
2267,"Vegan Red Lentil Dal","Minimalist Baker","https://minimalistbaker.com/1-pot-red-lentil-dal/",YES
2268,"Roasted Tomato Soup","Nora Cooks","https://www.noracooks.com/roasted-tomato-soup/",YES
2269,"Pozole Verde","Rainbow Plant Life","https://rainbowplantlife.com/vegan-pozole-verde/",YES
2270,"Vegan Corn Chowder","Nora Cooks","https://www.noracooks.com/vegan-corn-chowder/",YES
2271,"Vegan Tofu Tikka Masala","Vegan Richa","https://www.veganricha.com/vegan-tofu-tikka-masala/",YES
2272,"Saag Paneer (Tofu)","Vegan Richa","https://www.veganricha.com/vegan-saag-tofu-spinach-tofu-indian-curry/",YES
2273,"Vegan Aloo Gobi","Vegan Richa","https://www.veganricha.com/aloo-gobi-recipe/",YES
2274,"Vegan Chole (Chana Masala)","Vegan Richa","https://www.veganricha.com/easy-chana-masala-recipe/",YES
2275,"Vegan Banana Bread","Oh She Glows","https://ohsheglows.com/2016/10/17/the-best-vegan-banana-bread/",YES
2276,"Vegan Apple Crumble","Loving It Vegan","https://lovingitvegan.com/vegan-apple-crumble/",YES
2277,"Peanut Butter Cups","Minimalist Baker","https://minimalistbaker.com/easy-vegan-peanut-butter-cups/",YES
2278,"Vegan Pumpkin Pie","Nora Cooks","https://www.noracooks.com/vegan-pumpkin-pie/",YES
2279,"Chocolate Avocado Pudding","Oh She Glows","https://ohsheglows.com/2012/05/24/chocolate-avocado-pudding/",YES
2280,"Vegan Matcha Latte","Minimalist Baker","https://minimalistbaker.com/simple-vegan-matcha-latte/",YES
2281,"Golden Milk","Minimalist Baker","https://minimalistbaker.com/5-minute-golden-milk/",YES
2282,"Vegan Hot Chocolate","Loving It Vegan","https://lovingitvegan.com/vegan-hot-chocolate/",YES
2283,"Immune Boosting Green Smoothie","Oh She Glows","https://ohsheglows.com/2015/01/08/immune-boosting-smoothie/",YES
2284,"Vegan Lentil Meatballs","Connoisseur Us Veg","https://www.connoisseurusveg.com/lentil-meatballs/",YES
2286,"Vegan Protein Smoothie","Oh She Glows","https://ohsheglows.com/2015/06/02/the-power-house-green-protein-smoothie/",YES
2287,"Vegan Stuffed Mushrooms","Connoisseur Us Veg","https://www.connoisseurusveg.com/vegan-stuffed-mushrooms/",YES
2288,"Vegan Teriyaki Jackfruit","Loving It Vegan","https://lovingitvegan.com/vegan-teriyaki/",YES
2289,"Vegan Corn Fritters","Loving It Vegan","https://lovingitvegan.com/vegan-corn-fritters/",YES
2290,"Vegan Mushroom Risotto","Nora Cooks","https://www.noracooks.com/vegan-risotto/",YES
2291,"Vegan Beet Burgers","Oh She Glows","https://ohsheglows.com/2014/09/15/my-favourite-hearty-veggie-burger/",YES
2292,"Vegan Baklava","Loving It Vegan","https://lovingitvegan.com/vegan-baklava/",YES
2293,"Vegan Katsu Curry","Pickled Plum","https://pickledplum.com/vegan-katsu-curry/",YES
2294,"Vegan Ceviche","Rainbow Plant Life","https://rainbowplantlife.com/vegan-ceviche/",YES
2295,"Vegan Egg Fried Rice","Pickled Plum","https://pickledplum.com/vegan-egg-fried-rice/",YES
2296,"Vegan Pierogi","Connoisseur Us Veg","https://www.connoisseurusveg.com/vegan-pierogies/",YES
2297,"Vegan Cr\u00eapes","Loving It Vegan","https://lovingitvegan.com/vegan-crepes/",YES
2298,"Vegan Eggnog","Loving It Vegan","https://lovingitvegan.com/vegan-eggnog/",YES
2299,"Sweet Potato Black Bean Enchiladas","Oh She Glows","https://ohsheglows.com/2013/10/16/smoky-sweet-potato-black-bean-enchiladas/",YES
2300,"Vegan Chocolate Lava Cake","Nora Cooks","https://www.noracooks.com/vegan-lava-cake/",YES
2301,"Bibimbap","Rainbow Plant Life","https://rainbowplantlife.com/vegan-bibimbap/",YES
2302,"Japchae (Glass Noodles with Vegetables)","The Viet Vegan","https://thevietvegan.com/vegan-japchae/",YES
2303,"Tteokbokki (Spicy Rice Cakes)","Pickled Plum","https://pickledplum.com/vegan-tteokbokki/",YES
2304,"Korean BBQ Mushroom Bowl","Minimalist Baker","https://minimalistbaker.com/korean-bbq-mushrooms/",YES
2305,"Kimchi Fried Rice","Rainbow Plant Life","https://rainbowplantlife.com/kimchi-fried-rice/",YES
2306,"Doenjang Jjigae (Soybean Paste Stew)","Pickled Plum","https://pickledplum.com/vegan-doenjang-jjigae/",YES
2307,"Vegan Gimbap (Korean Sushi Rolls)","The Viet Vegan","https://thevietvegan.com/vegan-gimbap/",YES
2308,"Sundubu Jjigae (Soft Tofu Stew)","Minimalist Baker","https://minimalistbaker.com/vegan-sundubu-jjigae/",YES
2309,"Kongnamul Bap (Soybean Sprout Rice Bowl)","Pickled Plum","https://pickledplum.com/kongnamul-bap/",YES
2310,"Korean Spicy Braised Tofu (Dubu Jorim)","Rainbow Plant Life","https://rainbowplantlife.com/dubu-jorim/",YES
2311,"Korean Sweet Potato Noodles","Connoisseur Us Veg","https://connoisseurusveg.com/japchae-sweet-potato-noodles/",YES
2312,"Vegan Kimchi Pancakes (Kimchijeon)","Pickled Plum","https://pickledplum.com/vegan-kimchi-pancakes/",YES
2313,"Korean Black Bean Noodles (Jajangmyeon)","The Viet Vegan","https://thevietvegan.com/vegan-jajangmyeon/",YES
2314,"Korean Mushroom Bulgogi","Minimalist Baker","https://minimalistbaker.com/korean-mushroom-bulgogi/",YES
2315,"Korean Army Stew (Budae Jjigae)","Connoisseur Us Veg","https://connoisseurusveg.com/vegan-budae-jjigae/",YES
2316,"Hotteok (Sweet Korean Pancakes)","Pickled Plum","https://pickledplum.com/vegan-hotteok/",YES
2317,"Korean Tofu Soup (Gyeranjjim Style)","The Viet Vegan","https://thevietvegan.com/korean-steamed-tofu/",YES
2318,"Korean Cucumber Salad (Oi Muchim)","Minimalist Baker","https://minimalistbaker.com/korean-cucumber-salad/",YES
2319,"Greek Lemon Herb Rice (Pilaf)","Minimalist Baker","https://minimalistbaker.com/greek-lemon-rice/",YES
2320,"Spanakopita Triangles","Connoisseur Us Veg","https://connoisseurusveg.com/vegan-spanakopita/",YES
2321,"Vegan Moussaka","Rainbow Plant Life","https://rainbowplantlife.com/vegan-moussaka/",YES
2322,"Gigantes Plaki (Greek Baked Giant Beans)","Minimalist Baker","https://minimalistbaker.com/gigantes-plaki/",YES
2323,"Greek Salad with Tofu Feta","Oh She Glows","https://ohsheglows.com/vegan-greek-salad/",YES
2324,"Hummus Three Ways","Minimalist Baker","https://minimalistbaker.com/best-hummus/",YES
2325,"Shakshuka with White Beans","Rainbow Plant Life","https://rainbowplantlife.com/vegan-shakshuka/",YES
2326,"Falafel with Tahini Sauce","Minimalist Baker","https://minimalistbaker.com/crispy-falafel/",YES
2327,"Dolmades (Stuffed Grape Leaves)","Connoisseur Us Veg","https://connoisseurusveg.com/vegan-dolmades/",YES
2328,"Roasted Red Pepper & Walnut Dip (Muhammara)","Oh She Glows","https://ohsheglows.com/muhammara/",YES
2329,"Vegan Pastitsio (Greek Pasta Bake)","Minimalist Baker","https://minimalistbaker.com/vegan-pastitsio/",YES
2330,"Grilled Halloumi-Style Tofu Skewers","Rainbow Plant Life","https://rainbowplantlife.com/grilled-tofu-skewers-mediterranean/",YES
2331,"Avgolemono Soup (Greek Lemon Soup)","Nora Cooks","https://www.noracooks.com/vegan-avgolemono/",YES
2332,"Tabbouleh","Minimalist Baker","https://minimalistbaker.com/tabbouleh/",YES
2333,"Baba Ganoush","Oh She Glows","https://ohsheglows.com/baba-ganoush/",YES
2334,"Greek Lemon Potatoes","Connoisseur Us Veg","https://connoisseurusveg.com/greek-lemon-potatoes/",YES
2335,"Panzanella (Tuscan Bread Salad)","Minimalist Baker","https://minimalistbaker.com/panzanella/",YES
2336,"Vegan Tiropita (Greek Cheese Pie)","Nora Cooks","https://www.noracooks.com/vegan-tiropita/",YES
2337,"Creamy Vegan Risotto","Rainbow Plant Life","https://rainbowplantlife.com/vegan-risotto/",YES
2338,"Pasta e Fagioli","Nora Cooks","https://www.noracooks.com/pasta-e-fagioli/",YES
2339,"Vegan Arancini (Risotto Balls)","Minimalist Baker","https://minimalistbaker.com/vegan-arancini/",YES
2340,"Ribollita (Tuscan Bean Soup)","Rainbow Plant Life","https://rainbowplantlife.com/ribollita/",YES
2341,"Pesto Pasta with Roasted Tomatoes","Oh She Glows","https://ohsheglows.com/vegan-pesto-pasta/",YES
2342,"Vegan Tiramisu","Nora Cooks","https://www.noracooks.com/vegan-tiramisu/",YES
2343,"Caponata (Sicilian Sweet & Sour Eggplant)","Minimalist Baker","https://minimalistbaker.com/caponata/",YES
2344,"Cacio e Pepe (Vegan)","Rainbow Plant Life","https://rainbowplantlife.com/vegan-cacio-e-pepe/",YES
2345,"Vegan Osso Buco with Gremolata","Connoisseur Us Veg","https://connoisseurusveg.com/vegan-osso-buco/",YES
2346,"Bruschetta with Heirloom Tomatoes","Minimalist Baker","https://minimalistbaker.com/bruschetta/",YES
2347,"Vegan Cannoli","Nora Cooks","https://www.noracooks.com/vegan-cannoli/",YES
2348,"Farinata (Italian Chickpea Flatbread)","Minimalist Baker","https://minimalistbaker.com/farinata/",YES
2349,"Minestrone Soup","Rainbow Plant Life","https://rainbowplantlife.com/minestrone-soup/",YES
2350,"Vegan Carbonara","Loving It Vegan","https://lovingitvegan.com/vegan-carbonara/",YES
2351,"Puttanesca Pasta","Minimalist Baker","https://minimalistbaker.com/puttanesca/",YES
2352,"Focaccia","Nora Cooks","https://www.noracooks.com/focaccia/",YES
2353,"Mujaddara (Lentils & Rice)","Rainbow Plant Life","https://rainbowplantlife.com/mujaddara/",YES
2354,"Ful Medames (Egyptian Fava Beans)","Minimalist Baker","https://minimalistbaker.com/ful-medames/",YES
2355,"Maqluba (Upside-Down Rice)","Connoisseur Us Veg","https://connoisseurusveg.com/vegan-maqluba/",YES
2356,"Lentil Soup (Shorbat Adas)","Rainbow Plant Life","https://rainbowplantlife.com/lentil-soup/",YES
2357,"Manaqeesh (Za'atar Flatbread)","Minimalist Baker","https://minimalistbaker.com/manaqeesh/",YES
2358,"Msabbaha (Warm Whole Chickpea Dip)","Oh She Glows","https://ohsheglows.com/msabbaha/",YES
2359,"Fattoush Salad","Minimalist Baker","https://minimalistbaker.com/fattoush/",YES
2360,"Kibbeh Nayeh (Vegan Raw Kibbeh)","Connoisseur Us Veg","https://connoisseurusveg.com/vegan-kibbeh/",YES
2361,"Persian Herb Frittata (Kuku Sabzi)","Rainbow Plant Life","https://rainbowplantlife.com/kuku-sabzi/",YES
2362,"Roasted Cauliflower Shawarma","Minimalist Baker","https://minimalistbaker.com/cauliflower-shawarma/",YES
2363,"Baklava","Nora Cooks","https://www.noracooks.com/vegan-baklava/",YES
2364,"Koshari (Egyptian Street Food)","Connoisseur Us Veg","https://connoisseurusveg.com/koshari/",YES
2365,"Stuffed Bell Peppers (Middle Eastern)","Rainbow Plant Life","https://rainbowplantlife.com/middle-eastern-stuffed-peppers/",YES
2366,"Labneh-Style Cashew Cheese","Minimalist Baker","https://minimalistbaker.com/cashew-labneh/",YES
2367,"Moroccan Chickpea Tagine","Oh She Glows","https://ohsheglows.com/moroccan-chickpea-tagine/",YES
2368,"Freekeh Pilaf with Roasted Vegetables","Connoisseur Us Veg","https://connoisseurusveg.com/freekeh-pilaf/",YES
2369,"Vegan Mac and Cheese (Southern Baked)","Nora Cooks","https://www.noracooks.com/vegan-mac-and-cheese/",YES
2370,"Southern Collard Greens","Sweet Potato Soul","https://sweetpotatosoul.com/southern-vegan-collard-greens/",YES
2371,"Black-Eyed Peas and Greens","Connoisseur Us Veg","https://connoisseurusveg.com/black-eyed-peas-and-greens/",YES
2372,"Vegan Jambalaya","Minimalist Baker","https://minimalistbaker.com/vegan-jambalaya/",YES
2373,"Vegan Gumbo","Sweet Potato Soul","https://sweetpotatosoul.com/vegan-gumbo/",YES
2374,"Sweet Potato Pie","Nora Cooks","https://www.noracooks.com/vegan-sweet-potato-pie/",YES
2375,"Southern Fried Tofu","Sweet Potato Soul","https://sweetpotatosoul.com/southern-fried-tofu/",YES
2376,"Hoppin' John (Black-Eyed Peas and Rice)","Connoisseur Us Veg","https://connoisseurusveg.com/hoppin-john/",YES
2377,"Vegan Peach Cobbler","Nora Cooks","https://www.noracooks.com/vegan-peach-cobbler/",YES
2378,"Creamy Vegan Grits","Sweet Potato Soul","https://sweetpotatosoul.com/vegan-grits/",YES
2379,"Smoky Vegan Red Beans and Rice","Minimalist Baker","https://minimalistbaker.com/smoky-red-beans-and-rice/",YES
2380,"Southern Cornbread","Nora Cooks","https://www.noracooks.com/vegan-cornbread/",YES
2381,"Okra Stew","Sweet Potato Soul","https://sweetpotatosoul.com/okra-stew/",YES
2382,"Banana Pudding","Nora Cooks","https://www.noracooks.com/vegan-banana-pudding/",YES
2383,"Vegan Dirty Rice","Connoisseur Us Veg","https://connoisseurusveg.com/vegan-dirty-rice/",YES
2384,"Sweet Potato Casserole","Sweet Potato Soul","https://sweetpotatosoul.com/vegan-sweet-potato-casserole/",YES
2385,"Vegan Biscuits and Gravy","Nora Cooks","https://www.noracooks.com/vegan-biscuits-and-gravy/",YES
2386,"Cajun Spiced Roasted Chickpeas","Minimalist Baker","https://minimalistbaker.com/cajun-chickpeas/",YES
2387,"Jerk Jackfruit","Connoisseur Us Veg","https://connoisseurusveg.com/jerk-jackfruit/",YES
2388,"Caribbean Rice and Peas","Loving It Vegan","https://lovingitvegan.com/caribbean-rice-and-peas/",YES
2389,"Trinidadian Doubles","Minimalist Baker","https://minimalistbaker.com/vegan-doubles/",YES
2390,"Ackee and Hearts of Palm (Vegan Ackee & Saltfish)","Connoisseur Us Veg","https://connoisseurusveg.com/vegan-ackee-saltfish/",YES
2391,"Fried Sweet Plantains (Maduros)","Rainbow Plant Life","https://rainbowplantlife.com/fried-sweet-plantains/",YES
2392,"Callaloo Soup","Loving It Vegan","https://lovingitvegan.com/callaloo/",YES
2393,"Caribbean Pumpkin Soup","Minimalist Baker","https://minimalistbaker.com/caribbean-pumpkin-soup/",YES
2394,"Jamaican Curry Chickpeas","Connoisseur Us Veg","https://connoisseurusveg.com/jamaican-curry-chickpeas/",YES
2395,"Roti with Curried Vegetables","Loving It Vegan","https://lovingitvegan.com/caribbean-roti/",YES
2396,"Pigeon Peas and Rice (Arroz con Gandules)","Rainbow Plant Life","https://rainbowplantlife.com/arroz-con-gandules/",YES
2397,"Mango Avocado Salsa","Minimalist Baker","https://minimalistbaker.com/mango-avocado-salsa/",YES
2398,"Black Bean Soup with Plantains","Connoisseur Us Veg","https://connoisseurusveg.com/caribbean-black-bean-soup/",YES
2399,"Sorrel (Hibiscus) Drink","Loving It Vegan","https://lovingitvegan.com/sorrel-drink/",YES
2400,"Pelau (One Pot Rice and Peas)","Minimalist Baker","https://minimalistbaker.com/vegan-pelau/",YES
2401,"Coconut Drops (Caribbean Candy)","Connoisseur Us Veg","https://connoisseurusveg.com/coconut-drops/",YES
2402,"Tostones with Garlic Mojo Sauce","Rainbow Plant Life","https://rainbowplantlife.com/tostones/",YES
2403,"Pineapple Coconut Rum Cake","Nora Cooks","https://www.noracooks.com/vegan-pineapple-rum-cake/",YES
2404,"Saltfish-Style Hearts of Palm Tacos","Connoisseur Us Veg","https://connoisseurusveg.com/caribbean-hearts-of-palm-tacos/",YES
2405,"Jamaican Beef Patty Style (Vegan)","Loving It Vegan","https://lovingitvegan.com/vegan-jamaican-patties/",YES
2406,"Gazpacho","Minimalist Baker","https://minimalistbaker.com/gazpacho/",YES
2407,"Patatas Bravas","Rainbow Plant Life","https://rainbowplantlife.com/patatas-bravas/",YES
2408,"Pan con Tomate (Spanish Tomato Bread)","Minimalist Baker","https://minimalistbaker.com/pan-con-tomate/",YES
2409,"Vegan Paella","Rainbow Plant Life","https://rainbowplantlife.com/vegan-paella/",YES
2410,"Pisto Manchego (Spanish Ratatouille)","Connoisseur Us Veg","https://connoisseurusveg.com/pisto-manchego/",YES
2411,"Vegan Croquetas de Espinacas","Minimalist Baker","https://minimalistbaker.com/vegan-spinach-croquetas/",YES
2412,"Escalivada (Catalan Roasted Vegetables)","Oh She Glows","https://ohsheglows.com/escalivada/",YES
2413,"Spanish White Bean Stew (Cocido)","Rainbow Plant Life","https://rainbowplantlife.com/spanish-white-bean-stew/",YES
2414,"Vegan Tortilla Española","Minimalist Baker","https://minimalistbaker.com/vegan-tortilla-espanola/",YES
2415,"Caldo Gallego (Spanish Bean Soup)","Connoisseur Us Veg","https://connoisseurusveg.com/caldo-gallego/",YES
2416,"Vegan Churros with Chocolate Sauce","Nora Cooks","https://www.noracooks.com/vegan-churros/",YES
2417,"Sofrito (Spanish Sauce Base)","Minimalist Baker","https://minimalistbaker.com/sofrito/",YES
2418,"Empanadas Gallegas (Vegan)","Connoisseur Us Veg","https://connoisseurusveg.com/vegan-empanadas-gallegas/",YES
2419,"Arroz con Leche (Rice Pudding)","Nora Cooks","https://www.noracooks.com/vegan-arroz-con-leche/",YES
2420,"Salmorejo (Creamy Tomato Soup)","Rainbow Plant Life","https://rainbowplantlife.com/salmorejo/",YES
2421,"Migas (Spanish Fried Breadcrumbs)","Minimalist Baker","https://minimalistbaker.com/migas/",YES
2422,"Pulpo a la Gallega Style (Oyster Mushrooms)","Connoisseur Us Veg","https://connoisseurusveg.com/vegan-pulpo-gallega/",YES
2423,"Torta de Santiago (Almond Cake)","Nora Cooks","https://www.noracooks.com/vegan-tarta-de-santiago/",YES
2424,"Espinacas con Garbanzos (Spinach and Chickpeas)","Rainbow Plant Life","https://rainbowplantlife.com/espinacas-con-garbanzos/",YES
2425,"Vegan Mac and Cheese","Hot For Food","https://www.hotforfoodblog.com/recipes/2014/10/9/vegan-mac-and-cheese/",YES
2426,"Vegan Fried Chicken (Cauliflower)","Hot For Food","https://www.hotforfoodblog.com/recipes/vegan-fried-chicken/",YES
2427,"Vegan Poutine","Hot For Food","https://www.hotforfoodblog.com/recipes/2015/9/18/vegan-poutine/",YES
2428,"Vegan Eggs Benedict","Hot For Food","https://www.hotforfoodblog.com/recipes/2017/4/13/vegan-eggs-benedict/",YES
2429,"Vegan Sloppy Joes","Hot For Food","https://www.hotforfoodblog.com/recipes/2015/9/4/vegan-sloppy-joes/",YES
2430,"Vegan Ramen","Hot For Food","https://www.hotforfoodblog.com/recipes/2016/1/29/vegan-ramen/",YES
2431,"Vegan Meatball Sub","Hot For Food","https://www.hotforfoodblog.com/recipes/vegan-meatball-sub/",YES
2432,"Vegan Cheesy Broccoli Soup","Hot For Food","https://www.hotforfoodblog.com/recipes/2016/11/11/vegan-cheesy-broccoli-soup/",YES
2433,"Vegan Tacos al Pastor","Hot For Food","https://www.hotforfoodblog.com/recipes/vegan-tacos-al-pastor/",YES
2434,"Vegan Chili Cheese Fries","Hot For Food","https://www.hotforfoodblog.com/recipes/vegan-chili-cheese-fries/",YES
2435,"Fluffy Vegan Pancakes","Nora Cooks","https://www.noracooks.com/vegan-pancakes/",YES
2436,"Vegan French Toast","Minimalist Baker","https://minimalistbaker.com/easy-vegan-french-toast/",YES
2437,"Tofu Scramble","Rainbow Plant Life","https://rainbowplantlife.com/tofu-scramble/",YES
2438,"Vegan Waffles","Loving It Vegan","https://lovingitvegan.com/vegan-waffles/",YES
2439,"Avocado Toast with Chickpeas","Minimalist Baker","https://minimalistbaker.com/chickpea-avocado-toast/",YES
2440,"Smoothie Bowl","Minimalist Baker","https://minimalistbaker.com/smoothie-bowl/",YES
2441,"Vegan Breakfast Burrito","Nora Cooks","https://www.noracooks.com/vegan-breakfast-burrito/",YES
2442,"Chia Seed Pudding","Oh She Glows","https://ohsheglows.com/chia-seed-pudding/",YES
2443,"Banana Oat Muffins","Minimalist Baker","https://minimalistbaker.com/banana-oat-muffins/",YES
2444,"Green Detox Smoothie","Oh She Glows","https://ohsheglows.com/green-detox-smoothie/",YES
2445,"Vegan Eggs Benedict with Hollandaise","Loving It Vegan","https://lovingitvegan.com/vegan-eggs-benedict/",YES
2446,"Baked Oatmeal","Minimalist Baker","https://minimalistbaker.com/baked-oatmeal/",YES
2447,"Vegan Crepes","Nora Cooks","https://www.noracooks.com/vegan-crepes/",YES
2448,"Tempeh Bacon","Rainbow Plant Life","https://rainbowplantlife.com/tempeh-bacon/",YES
2449,"Granola","Minimalist Baker","https://minimalistbaker.com/best-vegan-granola/",YES
2450,"Vegan Breakfast Hash","Oh She Glows","https://ohsheglows.com/vegan-breakfast-hash/",YES
2451,"Lemon Blueberry Scones","Nora Cooks","https://www.noracooks.com/vegan-scones/",YES
2452,"Açaí Bowl","Minimalist Baker","https://minimalistbaker.com/acai-bowl/",YES
2453,"Vegan Cinnamon Rolls","Nora Cooks","https://www.noracooks.com/vegan-cinnamon-rolls/",YES
2454,"Savory Chickpea Crepes","Oh She Glows","https://ohsheglows.com/savory-chickpea-crepes/",YES
2455,"Gluten-Free Sandwich Bread","Minimalist Baker","https://minimalistbaker.com/gluten-free-vegan-sandwich-bread/",YES
2456,"Gluten-Free Sourdough Bread","Nora Cooks","https://www.noracooks.com/gluten-free-sourdough-bread/",YES
2457,"Gluten-Free Banana Bread","Minimalist Baker","https://minimalistbaker.com/gluten-free-vegan-banana-bread/",YES
2458,"Gluten-Free Zucchini Bread","Oh She Glows","https://ohsheglows.com/gluten-free-zucchini-bread/",YES
2459,"Gluten-Free Bagels","Minimalist Baker","https://minimalistbaker.com/gluten-free-vegan-bagels/",YES
2460,"Gluten-Free Dinner Rolls","Nora Cooks","https://www.noracooks.com/gluten-free-dinner-rolls/",YES
2461,"Gluten-Free Pizza Dough","Minimalist Baker","https://minimalistbaker.com/the-best-gluten-free-pizza-crust/",YES
2462,"Gluten-Free Focaccia","Rainbow Plant Life","https://rainbowplantlife.com/gluten-free-focaccia/",YES
2463,"Gluten-Free Corn Tortillas","Minimalist Baker","https://minimalistbaker.com/easy-gluten-free-corn-tortillas/",YES
2464,"Gluten-Free Naan","Loving It Vegan","https://lovingitvegan.com/vegan-gluten-free-naan/",YES
2465,"Gluten-Free Pita Bread","Minimalist Baker","https://minimalistbaker.com/gluten-free-pita-bread/",YES
2466,"Gluten-Free Flatbread","Oh She Glows","https://ohsheglows.com/gluten-free-flatbread/",YES
2467,"Gluten-Free Blueberry Muffins","Minimalist Baker","https://minimalistbaker.com/1-bowl-gluten-free-blueberry-muffins/",YES
2468,"Gluten-Free Lemon Poppy Seed Muffins","Nora Cooks","https://www.noracooks.com/gluten-free-lemon-poppy-seed-muffins/",YES
2469,"Gluten-Free Biscuits","Minimalist Baker","https://minimalistbaker.com/fluffy-gluten-free-biscuits/",YES
2470,"Gluten-Free Scones","Oh She Glows","https://ohsheglows.com/gluten-free-vegan-scones/",YES
2471,"Gluten-Free Crackers","Minimalist Baker","https://minimalistbaker.com/gluten-free-seed-crackers/",YES
2472,"Gluten-Free Cinnamon Rolls","Nora Cooks","https://www.noracooks.com/gluten-free-cinnamon-rolls/",YES
2473,"Gluten-Free Waffles","Minimalist Baker","https://minimalistbaker.com/crispy-gluten-free-waffles/",YES
2474,"Gluten-Free Pancakes","Oh She Glows","https://ohsheglows.com/gluten-free-vegan-pancakes/",YES
2475,"Gluten-Free Pie Crust","Nora Cooks","https://www.noracooks.com/gluten-free-pie-crust/",YES
2476,"Gluten-Free Chocolate Chip Cookies","Minimalist Baker","https://minimalistbaker.com/gluten-free-vegan-chocolate-chip-cookies/",YES
2477,"Gluten-Free Brownies","Nora Cooks","https://www.noracooks.com/gluten-free-vegan-brownies/",YES
2478,"Gluten-Free Cornbread","Minimalist Baker","https://minimalistbaker.com/gluten-free-vegan-cornbread/",YES
2479,"Gluten-Free English Muffins","Oh She Glows","https://ohsheglows.com/gluten-free-english-muffins/",YES
2480,"Gluten-Free Bread Rolls","Loving It Vegan","https://lovingitvegan.com/gluten-free-bread-rolls/",YES
2481,"Gluten-Free Carrot Cake","Minimalist Baker","https://minimalistbaker.com/gluten-free-vegan-carrot-cake/",YES
2482,"Gluten-Free Pumpkin Bread","Nora Cooks","https://www.noracooks.com/gluten-free-pumpkin-bread/",YES
2483,"Gluten-Free Tortilla Wraps","Minimalist Baker","https://minimalistbaker.com/gluten-free-tortilla-wraps/",YES
2484,"Gluten-Free Lemon Blueberry Loaf","Oh She Glows","https://ohsheglows.com/gluten-free-lemon-blueberry-loaf/",YES
2485,"Gluten-Free Herb Focaccia","Loving It Vegan","https://lovingitvegan.com/gluten-free-focaccia/",YES
2486,"Gluten-Free Challah","Plantivores","https://plantivores.com/best-gluten-free-vegan-challah/",YES